panel,eff,se,wait,state,P_static,p_llm_mean,pi_BDT
A,0.7,1.0,0,25,0.71502072,0.38,0.63126554
A,0.7,1.0,2,26,0.59508838,0.5599999999999999,0.58631628
A,0.7,1.0,4,27,0.46261669,0.51,0.47446252
A,0.7,1.0,6,28,0.33522054,0.425,0.35766541
B,0.9,2.0,0,45,0.75215029,0.35500000000000004,0.65286272
B,0.9,2.0,2,46,0.63997593,0.605,0.63123195
B,0.9,2.0,4,47,0.51010006,0.623,0.53832504
B,0.9,2.0,6,48,0.37884625,0.6100000000000001,0.43663469
